ci,cluster_pairs,clusters,contrast,defined,effect,effect_direction,family,holm_adjusted_p,holm_family_test_count,holm_familywise_alpha,holm_rejected,invalid_replicates,left_model,model,nonzero_pairs,observations,p_value,primary_test_defined,rank_biserial,right_model,seed,statistic,uncertainty_source,valid_replicates
"[0.06395061728395061, 0.07975308641975308]",,4050,rq1_label_inconsistency_severe_minus_mild,True,0.07160493827160494,,spectral_appearance,,,,,0,,resnet50,,4050,,,,,17,,original_image_cluster_bootstrap_within_seed,2000
"[0.03867050020157291, 0.047436770485120044]",,4050,rq1_js_severe_minus_mild,True,0.04291065055366814,,spectral_appearance,,,,,0,,resnet50,,4050,,,,,17,,original_image_cluster_bootstrap_within_seed,2000
"[0.0029495900015241577, 0.004680778844688308]",,4050,rq2_normalized_instability_severe_minus_mild,True,0.0037796067672610885,,spectral_appearance,,,,,0,,resnet50,,4050,,,,,17,,original_image_cluster_bootstrap_within_seed,2000
"[0.04518518518518518, 0.05876543209876543]",,4050,rq1_label_inconsistency_severe_minus_mild,True,0.05185185185185185,,texture,,,,,0,,resnet50,,4050,,,,,17,,original_image_cluster_bootstrap_within_seed,2000
"[0.029105695101141874, 0.03655575247884008]",,4050,rq1_js_severe_minus_mild,True,0.03285178321091185,,texture,,,,,0,,resnet50,,4050,,,,,17,,original_image_cluster_bootstrap_within_seed,2000
"[0.001419804907788447, 0.0023463069654016157]",,4050,rq2_normalized_instability_severe_minus_mild,True,0.0018538637402834934,,texture,,,,,0,,resnet50,,4050,,,,,17,,original_image_cluster_bootstrap_within_seed,2000
"[0.7125925925925926, 0.7397530864197531]",,4050,rq1_label_inconsistency_severe_minus_mild,True,0.725925925925926,,resolution,,,,,0,,resnet50,,4050,,,,,17,,original_image_cluster_bootstrap_within_seed,2000
"[0.5026729487422225, 0.519419926809274]",,4050,rq1_js_severe_minus_mild,True,0.5108765505491254,,resolution,,,,,0,,resnet50,,4050,,,,,17,,original_image_cluster_bootstrap_within_seed,2000
"[0.5991278250266726, 0.6217542844078647]",,4050,rq2_normalized_instability_severe_minus_mild,True,0.610413839353757,,resolution,,,,,0,,resnet50,,4050,,,,,17,,original_image_cluster_bootstrap_within_seed,2000
"[0.06, 0.07580246913580246]",,4050,rq1_label_inconsistency_severe_minus_mild,True,0.06765432098765432,,spectral_appearance,,,,,0,,resnet50,,4050,,,,,29,,original_image_cluster_bootstrap_within_seed,2000
"[0.03798510490720603, 0.04666604778608705]",,4050,rq1_js_severe_minus_mild,True,0.042211725902214885,,spectral_appearance,,,,,0,,resnet50,,4050,,,,,29,,original_image_cluster_bootstrap_within_seed,2000
"[0.001823936899862826, 0.0034066026520347494]",,4050,rq2_normalized_instability_severe_minus_mild,True,0.002545709495503734,,spectral_appearance,,,,,0,,resnet50,,4050,,,,,29,,original_image_cluster_bootstrap_within_seed,2000
"[0.045925925925925926, 0.06]",,4050,rq1_label_inconsistency_severe_minus_mild,True,0.05283950617283951,,texture,,,,,0,,resnet50,,4050,,,,,29,,original_image_cluster_bootstrap_within_seed,2000
"[0.029114059006323172, 0.03673941819266654]",,4050,rq1_js_severe_minus_mild,True,0.032892925527223234,,texture,,,,,0,,resnet50,,4050,,,,,29,,original_image_cluster_bootstrap_within_seed,2000
"[0.0008793049839963422, 0.0017719082456942533]",,4050,rq2_normalized_instability_severe_minus_mild,True,0.0012887669562566683,,texture,,,,,0,,resnet50,,4050,,,,,29,,original_image_cluster_bootstrap_within_seed,2000
"[0.7851851851851852, 0.8108641975308643]",,4050,rq1_label_inconsistency_severe_minus_mild,True,0.7982716049382717,,resolution,,,,,0,,resnet50,,4050,,,,,29,,original_image_cluster_bootstrap_within_seed,2000
"[0.5308148810444744, 0.5458812970917934]",,4050,rq1_js_severe_minus_mild,True,0.5384723190887734,,resolution,,,,,0,,resnet50,,4050,,,,,29,,original_image_cluster_bootstrap_within_seed,2000
"[0.5676830986130164, 0.5893967474470355]",,4050,rq2_normalized_instability_severe_minus_mild,True,0.5784476756591984,,resolution,,,,,0,,resnet50,,4050,,,,,29,,original_image_cluster_bootstrap_within_seed,2000
"[0.04716049382716049, 0.060987654320987655]",,4050,rq1_label_inconsistency_severe_minus_mild,True,0.05432098765432099,,spectral_appearance,,,,,0,,resnet50,,4050,,,,,43,,original_image_cluster_bootstrap_within_seed,2000
"[0.030148557499466155, 0.03774355126704935]",,4050,rq1_js_severe_minus_mild,True,0.03395666164193261,,spectral_appearance,,,,,0,,resnet50,,4050,,,,,43,,original_image_cluster_bootstrap_within_seed,2000
"[0.0016640649291266576, 0.002859673830208809]",,4050,rq2_normalized_instability_severe_minus_mild,True,0.0022197835695778084,,spectral_appearance,,,,,0,,resnet50,,4050,,,,,43,,original_image_cluster_bootstrap_within_seed,2000
"[0.04271604938271605, 0.05556172839506169]",,4050,rq1_label_inconsistency_severe_minus_mild,True,0.049135802469135806,,texture,,,,,0,,resnet50,,4050,,,,,43,,original_image_cluster_bootstrap_within_seed,2000
"[0.02672826810645508, 0.03399580223167928]",,4050,rq1_js_severe_minus_mild,True,0.030312888947854274,,texture,,,,,0,,resnet50,,4050,,,,,43,,original_image_cluster_bootstrap_within_seed,2000
"[0.0009428684651729921, 0.0016355006858710557]",,4050,rq2_normalized_instability_severe_minus_mild,True,0.0012588934613625973,,texture,,,,,0,,resnet50,,4050,,,,,43,,original_image_cluster_bootstrap_within_seed,2000
"[0.7214814814814815, 0.7484012345679012]",,4050,rq1_label_inconsistency_severe_minus_mild,True,0.7350617283950617,,resolution,,,,,0,,resnet50,,4050,,,,,43,,original_image_cluster_bootstrap_within_seed,2000
"[0.5075768845025561, 0.5249017970057229]",,4050,rq1_js_severe_minus_mild,True,0.5163057157232795,,resolution,,,,,0,,resnet50,,4050,,,,,43,,original_image_cluster_bootstrap_within_seed,2000
"[0.6390638530711782, 0.6620205715592136]",,4050,rq2_normalized_instability_severe_minus_mild,True,0.6505883249504649,,resolution,,,,,0,,resnet50,,4050,,,,,43,,original_image_cluster_bootstrap_within_seed,2000
"[0.09159876543209879, 0.10987654320987654]",,4050,rq1_label_inconsistency_severe_minus_mild,True,0.10049382716049382,,spectral_appearance,,,,,0,,vit_small_patch16_224,,4050,,,,,17,,original_image_cluster_bootstrap_within_seed,2000
"[0.05840488874252176, 0.0688550618191599]",,4050,rq1_js_severe_minus_mild,True,0.06350929114841347,,spectral_appearance,,,,,0,,vit_small_patch16_224,,4050,,,,,17,,original_image_cluster_bootstrap_within_seed,2000
"[0.003307709190672154, 0.005346540161560737]",,4050,rq2_normalized_instability_severe_minus_mild,True,0.004282030178326473,,spectral_appearance,,,,,0,,vit_small_patch16_224,,4050,,,,,17,,original_image_cluster_bootstrap_within_seed,2000
"[0.04814814814814815, 0.06296296296296296]",,4050,rq1_label_inconsistency_severe_minus_mild,True,0.055308641975308645,,texture,,,,,0,,vit_small_patch16_224,,4050,,,,,17,,original_image_cluster_bootstrap_within_seed,2000
"[0.03036023653108308, 0.038804375402368536]",,4050,rq1_js_severe_minus_mild,True,0.03436632680507758,,texture,,,,,0,,vit_small_patch16_224,,4050,,,,,17,,original_image_cluster_bootstrap_within_seed,2000
"[0.0011798582533150436, 0.0023861774119798814]",,4050,rq2_normalized_instability_severe_minus_mild,True,0.001744795000762079,,texture,,,,,0,,vit_small_patch16_224,,4050,,,,,17,,original_image_cluster_bootstrap_within_seed,2000
"[0.45654320987654323, 0.4871604938271605]",,4050,rq1_label_inconsistency_severe_minus_mild,True,0.4723456790123457,,resolution,,,,,0,,vit_small_patch16_224,,4050,,,,,17,,original_image_cluster_bootstrap_within_seed,2000
"[0.30856253187165866, 0.3277447491816064]",,4050,rq1_js_severe_minus_mild,True,0.3181655844335714,,resolution,,,,,0,,vit_small_patch16_224,,4050,,,,,17,,original_image_cluster_bootstrap_within_seed,2000
"[0.07834830361225423, 0.09022337600975461]",,4050,rq2_normalized_instability_severe_minus_mild,True,0.08414296601127877,,resolution,,,,,0,,vit_small_patch16_224,,4050,,,,,17,,original_image_cluster_bootstrap_within_seed,2000
"[0.1382716049382716, 0.16074691358024687]",,4050,rq1_label_inconsistency_severe_minus_mild,True,0.14938271604938272,,spectral_appearance,,,,,0,,vit_small_patch16_224,,4050,,,,,29,,original_image_cluster_bootstrap_within_seed,2000
"[0.08369621770495503, 0.09478818343966053]",,4050,rq1_js_severe_minus_mild,True,0.0891525111689373,,spectral_appearance,,,,,0,,vit_small_patch16_224,,4050,,,,,29,,original_image_cluster_bootstrap_within_seed,2000
"[0.008854509983234263, 0.011399917695473251]",,4050,rq2_normalized_instability_severe_minus_mild,True,0.010089071787837219,,spectral_appearance,,,,,0,,vit_small_patch16_224,,4050,,,,,29,,original_image_cluster_bootstrap_within_seed,2000
"[0.05135802469135802, 0.06617283950617284]",,4050,rq1_label_inconsistency_severe_minus_mild,True,0.05851851851851852,,texture,,,,,0,,vit_small_patch16_224,,4050,,,,,29,,original_image_cluster_bootstrap_within_seed,2000
"[0.02994019298449317, 0.03644583428677921]",,4050,rq1_js_severe_minus_mild,True,0.033075355369758544,,texture,,,,,0,,vit_small_patch16_224,,4050,,,,,29,,original_image_cluster_bootstrap_within_seed,2000
"[0.0010269730224051214, 0.0017392577351013564]",,4050,rq2_normalized_instability_severe_minus_mild,True,0.0013513183965858863,,texture,,,,,0,,vit_small_patch16_224,,4050,,,,,29,,original_image_cluster_bootstrap_within_seed,2000
"[0.46296296296296297, 0.4930925925925926]",,4050,rq1_label_inconsistency_severe_minus_mild,True,0.4782716049382716,,resolution,,,,,0,,vit_small_patch16_224,,4050,,,,,29,,original_image_cluster_bootstrap_within_seed,2000
"[0.3072456906316949, 0.3249998564159491]",,4050,rq1_js_severe_minus_mild,True,0.31620046493870363,,resolution,,,,,0,,vit_small_patch16_224,,4050,,,,,29,,original_image_cluster_bootstrap_within_seed,2000
"[0.07726038408779151, 0.08772304374333181]",,4050,rq2_normalized_instability_severe_minus_mild,True,0.08280097546105776,,resolution,,,,,0,,vit_small_patch16_224,,4050,,,,,29,,original_image_cluster_bootstrap_within_seed,2000
"[0.07629012345679013, 0.09308641975308642]",,4050,rq1_label_inconsistency_severe_minus_mild,True,0.08444444444444445,,spectral_appearance,,,,,0,,vit_small_patch16_224,,4050,,,,,43,,original_image_cluster_bootstrap_within_seed,2000
"[0.041829851642367404, 0.049068164431745026]",,4050,rq1_js_severe_minus_mild,True,0.04534013242786365,,spectral_appearance,,,,,0,,vit_small_patch16_224,,4050,,,,,43,,original_image_cluster_bootstrap_within_seed,2000
"[0.001433481176649901, 0.0019407148300563937]",,4050,rq2_normalized_instability_severe_minus_mild,True,0.0016809023014784333,,spectral_appearance,,,,,0,,vit_small_patch16_224,,4050,,,,,43,,original_image_cluster_bootstrap_within_seed,2000
"[0.05357407407407408, 0.06888888888888889]",,4050,rq1_label_inconsistency_severe_minus_mild,True,0.060987654320987655,,texture,,,,,0,,vit_small_patch16_224,,4050,,,,,43,,original_image_cluster_bootstrap_within_seed,2000
"[0.03000770266704719, 0.036103258792684036]",,4050,rq1_js_severe_minus_mild,True,0.03292015474269435,,texture,,,,,0,,vit_small_patch16_224,,4050,,,,,43,,original_image_cluster_bootstrap_within_seed,2000
"[0.0010378052126200274, 0.0017693705227861604]",,4050,rq2_normalized_instability_severe_minus_mild,True,0.0013717421124828531,,texture,,,,,0,,vit_small_patch16_224,,4050,,,,,43,,original_image_cluster_bootstrap_within_seed,2000
"[0.5745679012345679, 0.6051851851851852]",,4050,rq1_label_inconsistency_severe_minus_mild,True,0.5898765432098766,,resolution,,,,,0,,vit_small_patch16_224,,4050,,,,,43,,original_image_cluster_bootstrap_within_seed,2000
"[0.36940190602103173, 0.38722093254599205]",,4050,rq1_js_severe_minus_mild,True,0.37843521858235385,,resolution,,,,,0,,vit_small_patch16_224,,4050,,,,,43,,original_image_cluster_bootstrap_within_seed,2000
"[0.0908419402530102, 0.10016135802469137]",,4050,rq2_normalized_instability_severe_minus_mild,True,0.09534991617131534,,resolution,,,,,0,,vit_small_patch16_224,,4050,,,,,43,,original_image_cluster_bootstrap_within_seed,2000
"[-0.0006618259411675049, 0.001647561347355585]",4050,4050,rq2_cross_model_difference_in_differences,True,0.0005024234110653864,right_minus_left,spectral_appearance,0.08592200239886238,1,0.05,False,0,resnet50,vit_small_patch16_224_minus_resnet50,1933,4050,0.08592200239886238,True,0.045030229332055076,vit_small_patch16_224,17,892520.0,original_image_cluster_bootstrap_within_seed,2000
"[-0.0006628334095412286, 0.0004937098003353142]",4050,4050,rq2_cross_model_difference_in_differences,True,-0.00010906873952141445,right_minus_left,texture,3.300242318049852e-18,1,0.05,True,0,resnet50,vit_small_patch16_224_minus_resnet50,1012,4050,3.300242318049852e-18,True,-0.3146994213563594,vit_small_patch16_224,17,175635.0,original_image_cluster_bootstrap_within_seed,2000
"[-0.5371546639231823, -0.515635924401768]",4050,4050,rq2_cross_model_difference_in_differences,True,-0.5262708733424782,right_minus_left,resolution,0.0,1,0.05,True,0,resnet50,vit_small_patch16_224_minus_resnet50,4007,4050,0.0,True,-0.9799265955237018,vit_small_patch16_224,17,80595.0,original_image_cluster_bootstrap_within_seed,2000
"[0.006237136107300716, 0.009068942234415485]",4050,4050,rq2_cross_model_difference_in_differences,True,0.007543362292333485,right_minus_left,spectral_appearance,4.729791162269392e-173,1,0.05,True,0,resnet50,vit_small_patch16_224_minus_resnet50,1986,4050,4.729791162269392e-173,True,0.725919382329553,vit_small_patch16_224,29,270393.0,original_image_cluster_bootstrap_within_seed,2000
"[-0.00039695930498399634, 0.00048140374942844073]",4050,4050,rq2_cross_model_difference_in_differences,True,6.255144032921809e-05,right_minus_left,texture,2.0778721202189743e-12,1,0.05,True,0,resnet50,vit_small_patch16_224_minus_resnet50,816,4050,2.0778721202189743e-12,True,0.2834497324021408,vit_small_patch16_224,29,119426.0,original_image_cluster_bootstrap_within_seed,2000
"[-0.5057525148605396, -0.4855705136412133]",4050,4050,rq2_cross_model_difference_in_differences,True,-0.49564670019814056,right_minus_left,resolution,0.0,1,0.05,True,0,resnet50,vit_small_patch16_224_minus_resnet50,4049,4050,0.0,True,-0.9993868932734497,vit_small_patch16_224,29,2513.5,original_image_cluster_bootstrap_within_seed,2000
"[-0.0011413824112178018, 8.358481938728876e-06]",4050,4050,rq2_cross_model_difference_in_differences,True,-0.000538881268099375,right_minus_left,spectral_appearance,2.816810875399152e-13,1,0.05,True,0,resnet50,vit_small_patch16_224_minus_resnet50,1456,4050,2.816810875399152e-13,True,0.2208625280004827,vit_small_patch16_224,43,413214.0,original_image_cluster_bootstrap_within_seed,2000
"[-0.0001791205608901082, 0.0004114037494284407]",4050,4050,rq2_cross_model_difference_in_differences,True,0.00011284865112025605,right_minus_left,texture,0.007365395376769935,1,0.05,True,0,resnet50,vit_small_patch16_224_minus_resnet50,873,4050,0.007365395376769935,True,0.10463668509387918,vit_small_patch16_224,43,170791.0,original_image_cluster_bootstrap_within_seed,2000
"[-0.5653177000457247, -0.5448548071940252]",4050,4050,rq2_cross_model_difference_in_differences,True,-0.5552384087791495,right_minus_left,resolution,0.0,1,0.05,True,0,resnet50,vit_small_patch16_224_minus_resnet50,4042,4050,0.0,True,-0.999593313003471,vit_small_patch16_224,43,1661.5,original_image_cluster_bootstrap_within_seed,2000
"[0.4976651969501679, 0.5205533814362843]",,,rq3_nested_detector_delta_average_precision,True,0.5100735878288222,,all_accepted_non_sham,,,,,0,,resnet50,,,,,,,17,,original_image_sampling_within_seed,2000
"[0.21331536536361032, 0.22541700166104986]",,,rq3_nested_detector_delta_auroc,True,0.21937386254399371,,all_accepted_non_sham,,,,,0,,resnet50,,,,,,,17,,original_image_sampling_within_seed,2000
"[0.29133239340157235, 0.31295641761975695]",,,rq3_nested_detector_delta_average_precision,True,0.30185988294804755,,all_accepted_non_sham,,,,,0,,resnet50,,,,,,,29,,original_image_sampling_within_seed,2000
"[0.06356976127740548, 0.06865433528393984]",,,rq3_nested_detector_delta_auroc,True,0.06606229957832288,,all_accepted_non_sham,,,,,0,,resnet50,,,,,,,29,,original_image_sampling_within_seed,2000
"[0.47120828822233685, 0.49524130181610587]",,,rq3_nested_detector_delta_average_precision,True,0.48322106645403684,,all_accepted_non_sham,,,,,0,,resnet50,,,,,,,43,,original_image_sampling_within_seed,2000
"[0.20566635865623803, 0.21888593737039688]",,,rq3_nested_detector_delta_auroc,True,0.21220960749420248,,all_accepted_non_sham,,,,,0,,resnet50,,,,,,,43,,original_image_sampling_within_seed,2000
"[0.40095512216380313, 0.43181566288149614]",,,rq3_nested_detector_delta_average_precision,True,0.4165095884757143,,all_accepted_non_sham,,,,,0,,vit_small_patch16_224,,,,,,,17,,original_image_sampling_within_seed,2000
"[0.0917340022918068, 0.10294771400635215]",,,rq3_nested_detector_delta_auroc,True,0.09722754689424673,,all_accepted_non_sham,,,,,0,,vit_small_patch16_224,,,,,,,17,,original_image_sampling_within_seed,2000
"[0.3505757761683126, 0.3791614194787781]",,,rq3_nested_detector_delta_average_precision,True,0.365227617754158,,all_accepted_non_sham,,,,,0,,vit_small_patch16_224,,,,,,,29,,original_image_sampling_within_seed,2000
"[0.09884770344692463, 0.10945482028125988]",,,rq3_nested_detector_delta_auroc,True,0.10409837643338926,,all_accepted_non_sham,,,,,0,,vit_small_patch16_224,,,,,,,29,,original_image_sampling_within_seed,2000
"[0.4089612674980448, 0.4383117248355438]",,,rq3_nested_detector_delta_average_precision,True,0.424701408999898,,all_accepted_non_sham,,,,,0,,vit_small_patch16_224,,,,,,,43,,original_image_sampling_within_seed,2000
"[0.132825141265193, 0.1470095625959239]",,,rq3_nested_detector_delta_auroc,True,0.1398846414679037,,all_accepted_non_sham,,,,,0,,vit_small_patch16_224,,,,,,,43,,original_image_sampling_within_seed,2000
